,X֔ԍ,Z,
@b,236-0031,_ސ쌧lsZYR|PW|PS,
B΁@bq,253-0054,_ސ쌧sCݓU|Q|TO,`QOW
{@JX,251-0027,_ސ쌧sS|PT|PT,
X@ǎq,436-0027,É|svۂQ|PV|PP,sEhnCcROP
rc@C,253-0034,_ސ쌧s΂lPQ|PO|XOR,
@,641-0044,a̎Ra̎RsQ|Q|QP|QOR,
@,474-0036,m{sT|SP|P,
R{@,567-0009,{؎sRU|QQ|QQ,
吣@w},889-1612,{茧{sP|PT|R,LnEXQOT
@N,144-0034,sc搼JS|PO|W,OcPOQ
s@aT,437-1203,É֓cscPTUV|T,
R@ac,470-2544,mmSLPWT,
@qF,769-0101,쌧sVSWV|PO,
@,321-3226,Ȗ،Fs{s䂢̓mV|PO|PT|POP,
с@,248-0033,_ސ쌧qszR|PV|RU,tH[uzQOQ
@BY,690-0065,]s咬QOV,
F@L,663-8141,Ɍ{s{P|P|P|PROT,
؁@L,466-0856,mÉsa얼S|PS|P,
q@I,224-0043,_ސ쌧lss}ܖ{PWOP|P,
@aV,168-0064,siP|PP|P,O[oBbWROT@c
R@疾,247-0071,_ސ쌧qsʓT|R|PQ,
{@听,251-0045,_ސ쌧sғC݂P|V|QT,
Rc@A,253-0082,_ސ쌧sS|PS|W,
쑺@,252-0813,_ސ쌧sTS|PQ|VV,
d@ǈ,208-0011,sRswR|ST|U,
VJ@,553-0006,{sgR|Q|TS|VOU,
c@,182-0007,szseQ|X|P,p[NTChQOW
Á@W,103-0006,s{x򒬂PO|X|UOR,
@,259-1133,_ސ쌧ɐs|Q|QS|P,c}RA[hɐROT
@Y,242-0002,_ސ쌧asݖP|U|X|TOS,
@Y,610-0331,s{cӎscӓ엢RW|PU,
@O,522-0067,ꌧFs]S|QO,iWAFVOP
@C,602-8463,s{ss㋞vSSR,]G`[tQOR
哇@t,274-0815,tDsKuQ|RS|PT,
@m,606-8306,s{ssgcBPS|R,POQ
O@,216-0043,_ސ쌧s{OP|PO|S,
ЎR@Dl,522-0066,ꌧFshP|PQ|R,A[onEXQP@POQ
i@iY,636-0091,ޗǌkS͍Q|U|U,
i@ő,236-0031,_ސ쌧lsZYP|PQ|QP,xJ[TSOT
@zl,249-0006,_ސ쌧qsqڂPOԂQX,
с@,101-0048,sc_ciQ|PX,
{@,606-8223,s{sscmPQ|P,O[nCQOQ
˓c@Dl,251-0027,_ސ쌧sP|T|QT,
c@l,249-0006,_ސ쌧qsqV|R|PX,
J@rP,663-8153,Ɍ{sbqP|QQ|T,
{@P,606-8425,s{ss掭PJmORW|P|POP,
с@Cy,353-0004,ʌu؎s{T|PU|QT,}[gR[gu؂ROR
V@Cl,232-0031,_ސ쌧lsiyQ|QP,h~[֓ʂTOV
哇@,520-2144,ꌧÎs办S|P|PU,
ؔ@,248-0013,_ސ쌧qsޖ؍R|PQ|QU|QOR,
؁@T,150-0001,saJ_{OQ|RP|V,
@,247-0054,_ސ쌧qsPT|Q,
@,657-0034,Ɍ_ˎsLclڂR|Q|ROU,
R@,662-0812,Ɍ{sbP|Q|RU,}eAbSOP
_@ډ,212-0005,_ސ쌧sKˎS|PQ|P|PUOU,
Έ@,249-0006,_ސ쌧qsqV|PR|QT,uEBOtgPOQ
@,244-0815,_ސ쌧ls˒ˋ扺qcPPXR|P,uEt[QOR
X@T,602-8239,s{ss㋞扺΋씼TO,~G[EhEROP
